{
  "type": "AdaptiveCard",
  "body": [
    {
      "type": "Container",
      "items": [
        {
          "type": "ColumnSet",
          "columns": [
            {
              "type": "Column",
              "width": "stretch",
              "items": [
                {
                  "type": "TextBlock",
                  "size": "Medium",
                  "weight": "Bolder",
                  "text": "Calimocho"
                }
              ]
            },
            {
              "type": "Column",
              "width": "stretch",
              "items": [
                {
                  "type": "Image",
                  "altText": "",
                  "url": "https://img.vixdata.io/pd/webp-large/es/sites/default/files/imj/elgrancatador/r/recetas-de-tragos-con-vino-tinto-6.jpg",
                  "size": "Medium"
                }
              ]
            }
          ]
        }
      ]
    },
    {
      "type": "ColumnSet",
      "columns": [
        {
          "type": "Column",
          "items": [
            {
              "type": "TextBlock",
              "spacing": "None",
              "text": "Ingredientes:",
              "isSubtle": true,
              "wrap": true
            }
          ],
          "width": "stretch"
        }
      ]
    },
    {
      "type": "FactSet",
      "facts": [
        {
          "title": "Vino Tinto ",
          "value": "1/2 vaso "
        },
        {
          "title": "Refresco de cola",
          "value": "1/2 vaso"
        },
        {
          "title": "Hielos",
          "value": "Al gusto"
        }

      ]
    },
    {
      "type": "TextBlock",
      "text": "-Colocar hielos al gusto en un vaso",
      "wrap": true
    },
    {
      "type": "TextBlock",
      "text": "-Vierte el vino tinto",
      "wrap": true
    },
    {
      "type": "TextBlock",
      "text": "-Despues Vierte el Refresco de cola",
      "wrap": true
    },
    {
      "type": "TextBlock",
      "text": "-finalmente revuelve.",
      "wrap": true
    }

  ],
  "$schema": "http://adaptivecards.io/schemas/adaptive-card.json",
  "version": "1.0"
}