{
  "type": "AdaptiveCard",
  "body": [
    {
      "type": "Container",
      "items": [
        {
          "type": "ColumnSet",
          "columns": [
            {
              "type": "Column",
              "width": "stretch",
              "items": [
                {
                  "type": "TextBlock",
                  "size": "Medium",
                  "weight": "Bolder",
                  "text": "Cafe Capuccino"
                }
              ]
            },
            {
              "type": "Column",
              "width": "stretch",
              "items": [
                {
                  "type": "Image",
                  "altText": "",
                  "url": "https://img.vixdata.io/pd/jpg-large/es/sites/default/files/imj/elgranchef/c/capuccino-de-chocolate.jpg",
                  "size": "Medium"
                }
              ]
            }
          ]
        }
      ]
    },
    {
      "type": "ColumnSet",
      "columns": [
        {
          "type": "Column",
          "items": [
            {
              "type": "TextBlock",
              "spacing": "None",
              "text": "Ingredientes:",
              "isSubtle": true,
              "wrap": true
            }
          ],
          "width": "stretch"
        }
      ]
    },
    {
      "type": "FactSet",
      "facts": [
        {
          "title": "Capuccino",
          "value": "60ml"
        },
        {
          "title": "Taza",
          "value": "1 taza de cafe al gusto"
        },
        {
          "title": "Leche Descremada",
          "value": "Al gusto"
        }
      ]
    },
    {
      "type": "TextBlock",
      "text": "-Vertir el cafe en la taza ya adquirida",
      "wrap": true
    },
    {
      "type": "TextBlock",
      "text": "-Vertir la leche sobre el cafe",
      "wrap": true
    },
    {
      "type": "TextBlock",
      "text": "-Poner azucar al gusto",
      "wrap": true
    }
  ],
  "$schema": "http://adaptivecards.io/schemas/adaptive-card.json",
  "version": "1.0"
}