{
  "type": "AdaptiveCard",
  "body": [
    {
      "type": "Container",
      "items": [
        {
          "type": "ColumnSet",
          "columns": [
            {
              "type": "Column",
              "width": "stretch",
              "items": [
                {
                  "type": "TextBlock",
                  "size": "Medium",
                  "weight": "Bolder",
                  "text": "Coctel 4 de Julio"
                }
              ]
            },
            {
              "type": "Column",
              "width": "stretch",
              "items": [
                {
                  "type": "Image",
                  "altText": "",
                  "url": "https://media.timeout.com/images/103399447/image.jpg",
                  "size": "Medium"
                }
              ]
            }
          ]
        }
      ]
    },
    {
      "type": "ColumnSet",
      "columns": [
        {
          "type": "Column",
          "items": [
            {
              "type": "TextBlock",
              "spacing": "None",
              "text": "Ingredientes:",
              "isSubtle": true,
              "wrap": true
            }
          ],
          "width": "stretch"
        }
      ]
    },
    {
      "type": "FactSet",
      "facts": [
        {
          "title": "Curacao Azul",
          "value": "1/3"
        },
        {
          "title": "Granadina",
          "value": "1/3"
        },
        {
          "title": "Vodka",
          "value": "1/3"
        }
      ]
    },
    {
      "type": "TextBlock",
      "text": "-Enfriar los ingredientes antes de servirlos",
      "wrap": true
    },
    {
      "type": "TextBlock",
      "text": "-Vertir en un shot los ingredientes con ayuda de una cuchara para que no se mezclen",
      "wrap": true
    },
    {
      "type": "TextBlock",
      "text": "-Comenzando por loa granadina, lueho vodka y al final curacao azul",
      "wrap": true
    }
  ],
  "$schema": "http://adaptivecards.io/schemas/adaptive-card.json",
  "version": "1.0"
}
