{
  "type": "AdaptiveCard",
  "body": [
    {
      "type": "Container",
      "items": [
        {
          "type": "ColumnSet",
          "columns": [
            {
              "type": "Column",
              "width": "stretch",
              "items": [
                {
                  "type": "TextBlock",
                  "size": "Medium",
                  "weight": "Bolder",
                  "text": "Mint Julep"
                }
              ]
            },
            {
              "type": "Column",
              "width": "stretch",
              "items": [
                {
                  "type": "Image",
                  "altText": "",
                  "url": "https://altonbrown.com/wp-content/uploads/2014/05/Alton-Browns-Mint-Julep.jpg",
                  "size": "Medium"
                }
              ]
            }
          ]
        }
      ]
    },
    {
      "type": "ColumnSet",
      "columns": [
        {
          "type": "Column",
          "items": [
            {
              "type": "TextBlock",
              "spacing": "None",
              "text": "Ingredientes:",
              "isSubtle": true,
              "wrap": true
            }
          ],
          "width": "stretch"
        }
      ]
    },
    {
      "type": "FactSet",
      "facts": [
        {
          "title": "Jarabe",
          "value": "1/3 onza"
        },
        {
          "title": "Hojas de menta",
          "value": "1 pu�ito"
        },
        {
          "title": "Whiskey",
          "value": "2 onzas"
        },
        {
          "title": "Menta para servir",
          "value": "1 ramita"
        }
      ]
    },
    {
      "type": "TextBlock",
      "text": "-Aplastar las hojas de menta en el fondo del vaso ",
      "wrap": true
    },
    {
      "type": "TextBlock",
      "text": "-Agregar el jarabe, volver a aplastar las hojas y mezclar con el jarabe",
      "wrap": true
    },
    {
      "type": "TextBlock",
      "text": "-Agregar el Whiskey, llenar el vaso con hielo raspado hasta el tope, formando una monta�ita y decorar con la ramita de menta",
      "wrap": true
    }
  ],
  "$schema": "http://adaptivecards.io/schemas/adaptive-card.json",
  "version": "1.0"
}
