{
    "type": "AdaptiveCard",
    "body": [
      {
        "type": "Container",
        "items": [
          {
            "type": "ColumnSet",
            "columns": [
              {
                "type": "Column",
                "width": "stretch",
                "items": [
                  {
                    "type": "TextBlock",
                    "size": "Medium",
                    "weight": "Bolder",
                    "text": "Shirley Temple"
                  }
                ]
              },
              {
                "type": "Column",
                "width": "stretch",
                "items": [
                  {
                    "type": "Image",
                    "altText": "",
                    "url": "https://www.monin.com/us/media/catalog/product/cache/da2d64b0b8ab53cc8a156e338cd43167/S/h/Shirley_Temple-1534127396-0.png",
                    "size": "Medium"
                  }
                ]
              }
            ]
          }
        ]
      },
      {
        "type": "ColumnSet",
        "columns": [
          {
            "type": "Column",
            "items": [
              {
                "type": "TextBlock",
                "spacing": "None",
                "text": "Ingredientes:",
                "isSubtle": true,
                "wrap": true
              }
            ],
            "width": "stretch"
          }
        ]
      },
      {
        "type": "FactSet",
        "facts": [
          {
            "title": "Saborizante de granadina",
            "value": "20ml"
          },
          {
            "title": "Jugo de Lima fresco",
            "value": "5ml"
          },
          {
            "title": "soda de limon",
            "value": "fill"
          }
        ]
      },
      {
        "type": "TextBlock",
        "text": "-Vertir los ingredientes en un vaso de 475ml con hielo",
        "wrap": true
      },
      {
        "type": "TextBlock",
        "text": "-Mezclar los ingredientes con una cuchara y posteriormente agregar cerezas",
        "wrap": true
      },
      {
        "type": "TextBlock",
        "text": "-Decorar con una naranja o limon verde",
        "wrap": true
      }
    ],
    "$schema": "http://adaptivecards.io/schemas/adaptive-card.json",
    "version": "1.0"

}
